filename,fold,target,category,esc10,src_file,take
5-151085-A-20.wav,5,20,crying_baby,True,151085,A
5-181766-A-10.wav,5,10,rain,True,181766,A
5-187979-A-21.wav,5,21,sneezing,True,187979,A
5-188655-A-10.wav,5,10,rain,True,188655,A
5-193339-A-10.wav,5,10,rain,True,193339,A
5-194533-A-21.wav,5,21,sneezing,True,194533,A
5-194892-A-10.wav,5,10,rain,True,194892,A
5-194930-A-1.wav,5,1,rooster,True,194930,A
5-194930-B-1.wav,5,1,rooster,True,194930,B
5-195710-A-10.wav,5,10,rain,True,195710,A
5-198321-A-10.wav,5,10,rain,True,198321,A
5-198411-A-20.wav,5,20,crying_baby,True,198411,A
5-198411-B-20.wav,5,20,crying_baby,True,198411,B
5-198411-C-20.wav,5,20,crying_baby,True,198411,C
5-198411-D-20.wav,5,20,crying_baby,True,198411,D
5-198411-E-20.wav,5,20,crying_baby,True,198411,E
5-198411-F-20.wav,5,20,crying_baby,True,198411,F
5-198411-G-20.wav,5,20,crying_baby,True,198411,G
5-200334-A-1.wav,5,1,rooster,True,200334,A
5-200334-B-1.wav,5,1,rooster,True,200334,B
5-200339-A-1.wav,5,1,rooster,True,200339,A
5-200461-A-11.wav,5,11,sea_waves,True,200461,A
5-200461-B-11.wav,5,11,sea_waves,True,200461,B
5-201274-A-21.wav,5,21,sneezing,True,201274,A
5-202220-A-21.wav,5,21,sneezing,True,202220,A
5-202898-A-10.wav,5,10,rain,True,202898,A
5-203128-A-0.wav,5,0,dog,True,203128,A
5-203128-B-0.wav,5,0,dog,True,203128,B
5-203739-A-10.wav,5,10,rain,True,203739,A
5-208030-A-0.wav,5,0,dog,True,208030,A
5-208810-A-11.wav,5,11,sea_waves,True,208810,A
5-208810-B-11.wav,5,11,sea_waves,True,208810,B
5-212454-A-0.wav,5,0,dog,True,212454,A
5-213077-A-11.wav,5,11,sea_waves,True,213077,A
5-213855-A-0.wav,5,0,dog,True,213855,A
5-217158-A-0.wav,5,0,dog,True,217158,A
5-219379-A-11.wav,5,11,sea_waves,True,219379,A
5-219379-B-11.wav,5,11,sea_waves,True,219379,B
5-219379-C-11.wav,5,11,sea_waves,True,219379,C
5-220026-A-21.wav,5,21,sneezing,True,220026,A
5-220027-A-21.wav,5,21,sneezing,True,220027,A
5-221518-A-21.wav,5,21,sneezing,True,221518,A
5-221593-A-21.wav,5,21,sneezing,True,221593,A
5-231762-A-0.wav,5,0,dog,True,231762,A
5-233160-A-1.wav,5,1,rooster,True,233160,A
5-234879-A-1.wav,5,1,rooster,True,234879,A
5-234879-B-1.wav,5,1,rooster,True,234879,B
5-9032-A-0.wav,5,0,dog,True,9032,A
