filename,fold,target,category,esc10,src_file,take
1-100032-A-0.wav,1,0,dog,True,100032,A
1-110389-A-0.wav,1,0,dog,True,110389,A
1-17367-A-10.wav,1,10,rain,True,17367,A
1-187207-A-20.wav,1,20,crying_baby,True,187207,A
1-211527-A-20.wav,1,20,crying_baby,True,211527,A
1-211527-B-20.wav,1,20,crying_baby,True,211527,B
1-211527-C-20.wav,1,20,crying_baby,True,211527,C
1-21189-A-10.wav,1,10,rain,True,21189,A
1-22694-A-20.wav,1,20,crying_baby,True,22694,A
1-22694-B-20.wav,1,20,crying_baby,True,22694,B
1-26143-A-21.wav,1,21,sneezing,True,26143,A
1-26222-A-10.wav,1,10,rain,True,26222,A
1-26806-A-1.wav,1,1,rooster,True,26806,A
1-27724-A-1.wav,1,1,rooster,True,27724,A
1-28135-A-11.wav,1,11,sea_waves,True,28135,A
1-28135-B-11.wav,1,11,sea_waves,True,28135,B
1-29561-A-10.wav,1,10,rain,True,29561,A
1-29680-A-21.wav,1,21,sneezing,True,29680,A
1-30226-A-0.wav,1,0,dog,True,30226,A
1-30344-A-0.wav,1,0,dog,True,30344,A
1-31748-A-21.wav,1,21,sneezing,True,31748,A
1-32318-A-0.wav,1,0,dog,True,32318,A
1-34119-A-1.wav,1,1,rooster,True,34119,A
1-34119-B-1.wav,1,1,rooster,True,34119,B
1-39901-A-11.wav,1,11,sea_waves,True,39901,A
1-39901-B-11.wav,1,11,sea_waves,True,39901,B
1-39923-A-1.wav,1,1,rooster,True,39923,A
1-40730-A-1.wav,1,1,rooster,True,40730,A
1-43382-A-1.wav,1,1,rooster,True,43382,A
1-43760-A-11.wav,1,11,sea_waves,True,43760,A
1-44831-A-1.wav,1,1,rooster,True,44831,A
1-47273-A-21.wav,1,21,sneezing,True,47273,A
1-47274-A-21.wav,1,21,sneezing,True,47274,A
1-50060-A-10.wav,1,10,rain,True,50060,A
1-54505-A-21.wav,1,21,sneezing,True,54505,A
1-54958-A-10.wav,1,10,rain,True,54958,A
1-56311-A-10.wav,1,10,rain,True,56311,A
1-59324-A-21.wav,1,21,sneezing,True,59324,A
1-59513-A-0.wav,1,0,dog,True,59513,A
1-60997-A-20.wav,1,20,crying_baby,True,60997,A
1-60997-B-20.wav,1,20,crying_baby,True,60997,B
1-61252-A-11.wav,1,11,sea_waves,True,61252,A
1-63871-A-10.wav,1,10,rain,True,63871,A
1-81883-A-21.wav,1,21,sneezing,True,81883,A
1-85362-A-0.wav,1,0,dog,True,85362,A
1-91359-A-11.wav,1,11,sea_waves,True,91359,A
1-91359-B-11.wav,1,11,sea_waves,True,91359,B
1-97392-A-0.wav,1,0,dog,True,97392,A
2-100786-A-1.wav,2,1,rooster,True,100786,A
2-101676-A-10.wav,2,10,rain,True,101676,A
2-102852-A-11.wav,2,11,sea_waves,True,102852,A
2-107351-A-20.wav,2,20,crying_baby,True,107351,A
2-107351-B-20.wav,2,20,crying_baby,True,107351,B
2-109505-A-21.wav,2,21,sneezing,True,109505,A
2-114280-A-0.wav,2,0,dog,True,114280,A
2-114587-A-0.wav,2,0,dog,True,114587,A
2-116400-A-0.wav,2,0,dog,True,116400,A
2-117271-A-0.wav,2,0,dog,True,117271,A
2-117625-A-10.wav,2,10,rain,True,117625,A
2-118072-A-0.wav,2,0,dog,True,118072,A
2-118104-A-21.wav,2,21,sneezing,True,118104,A
2-118964-A-0.wav,2,0,dog,True,118964,A
2-119102-A-21.wav,2,21,sneezing,True,119102,A
2-122104-A-0.wav,2,0,dog,True,122104,A
2-122104-B-0.wav,2,0,dog,True,122104,B
2-124662-A-11.wav,2,11,sea_waves,True,124662,A
2-125966-A-11.wav,2,11,sea_waves,True,125966,A
2-128631-A-21.wav,2,21,sneezing,True,128631,A
2-130978-A-21.wav,2,21,sneezing,True,130978,A
2-130979-A-21.wav,2,21,sneezing,True,130979,A
2-132157-A-11.wav,2,11,sea_waves,True,132157,A
2-132157-B-11.wav,2,11,sea_waves,True,132157,B
2-133863-A-11.wav,2,11,sea_waves,True,133863,A
2-137162-A-11.wav,2,11,sea_waves,True,137162,A
2-151079-A-20.wav,2,20,crying_baby,True,151079,A
2-155801-A-11.wav,2,11,sea_waves,True,155801,A
2-50665-A-20.wav,2,20,crying_baby,True,50665,A
2-50666-A-20.wav,2,20,crying_baby,True,50666,A
2-65750-A-1.wav,2,1,rooster,True,65750,A
2-66637-A-20.wav,2,20,crying_baby,True,66637,A
2-66637-B-20.wav,2,20,crying_baby,True,66637,B
2-71162-A-1.wav,2,1,rooster,True,71162,A
2-72970-A-10.wav,2,10,rain,True,72970,A
2-73027-A-10.wav,2,10,rain,True,73027,A
2-73260-A-10.wav,2,10,rain,True,73260,A
2-80482-A-20.wav,2,20,crying_baby,True,80482,A
2-81270-A-1.wav,2,1,rooster,True,81270,A
2-81731-A-10.wav,2,10,rain,True,81731,A
2-82367-A-10.wav,2,10,rain,True,82367,A
2-82538-A-21.wav,2,21,sneezing,True,82538,A
2-87781-A-10.wav,2,10,rain,True,87781,A
2-93030-A-21.wav,2,21,sneezing,True,93030,A
2-95035-A-1.wav,2,1,rooster,True,95035,A
2-95258-A-1.wav,2,1,rooster,True,95258,A
2-95258-B-1.wav,2,1,rooster,True,95258,B
2-96460-A-1.wav,2,1,rooster,True,96460,A
3-107219-A-1.wav,3,1,rooster,True,107219,A
3-116135-A-1.wav,3,1,rooster,True,116135,A
3-132852-A-10.wav,3,10,rain,True,132852,A
3-134049-A-1.wav,3,1,rooster,True,134049,A
3-136288-A-0.wav,3,0,dog,True,136288,A
3-137152-A-1.wav,3,1,rooster,True,137152,A
3-140774-A-10.wav,3,10,rain,True,140774,A
3-141684-A-21.wav,3,21,sneezing,True,141684,A
3-142005-A-10.wav,3,10,rain,True,142005,A
3-142006-A-10.wav,3,10,rain,True,142006,A
3-142601-A-21.wav,3,21,sneezing,True,142601,A
3-142605-A-21.wav,3,21,sneezing,True,142605,A
3-143119-A-21.wav,3,21,sneezing,True,143119,A
3-143929-A-10.wav,3,10,rain,True,143929,A
3-144028-A-0.wav,3,0,dog,True,144028,A
3-144692-A-21.wav,3,21,sneezing,True,144692,A
3-144827-A-11.wav,3,11,sea_waves,True,144827,A
3-144827-B-11.wav,3,11,sea_waves,True,144827,B
3-145382-A-1.wav,3,1,rooster,True,145382,A
3-148330-A-21.wav,3,21,sneezing,True,148330,A
3-149189-A-1.wav,3,1,rooster,True,149189,A
3-150231-A-21.wav,3,21,sneezing,True,150231,A
3-151080-A-20.wav,3,20,crying_baby,True,151080,A
3-151081-A-20.wav,3,20,crying_baby,True,151081,A
3-151081-B-20.wav,3,20,crying_baby,True,151081,B
3-152007-A-20.wav,3,20,crying_baby,True,152007,A
3-152007-B-20.wav,3,20,crying_baby,True,152007,B
3-152007-C-20.wav,3,20,crying_baby,True,152007,C
3-152007-D-20.wav,3,20,crying_baby,True,152007,D
3-152007-E-20.wav,3,20,crying_baby,True,152007,E
3-154957-A-1.wav,3,1,rooster,True,154957,A
3-155312-A-0.wav,3,0,dog,True,155312,A
3-155642-A-11.wav,3,11,sea_waves,True,155642,A
3-155642-B-11.wav,3,11,sea_waves,True,155642,B
3-156558-A-21.wav,3,21,sneezing,True,156558,A
3-157149-A-10.wav,3,10,rain,True,157149,A
3-157487-A-10.wav,3,10,rain,True,157487,A
3-157615-A-10.wav,3,10,rain,True,157615,A
3-157695-A-0.wav,3,0,dog,True,157695,A
3-163288-A-1.wav,3,1,rooster,True,163288,A
3-163459-A-0.wav,3,0,dog,True,163459,A
3-164120-A-11.wav,3,11,sea_waves,True,164120,A
3-164630-A-11.wav,3,11,sea_waves,True,164630,A
3-166422-A-11.wav,3,11,sea_waves,True,166422,A
3-170015-A-0.wav,3,0,dog,True,170015,A
3-180256-A-0.wav,3,0,dog,True,180256,A
3-180977-A-0.wav,3,0,dog,True,180977,A
3-187710-A-11.wav,3,11,sea_waves,True,187710,A
4-156843-A-21.wav,4,21,sneezing,True,156843,A
4-156844-A-21.wav,4,21,sneezing,True,156844,A
4-157297-A-21.wav,4,21,sneezing,True,157297,A
4-160999-A-10.wav,4,10,rain,True,160999,A
4-161127-A-10.wav,4,10,rain,True,161127,A
4-163264-A-10.wav,4,10,rain,True,163264,A
4-164021-A-1.wav,4,1,rooster,True,164021,A
4-164064-A-1.wav,4,1,rooster,True,164064,A
4-164064-B-1.wav,4,1,rooster,True,164064,B
4-164064-C-1.wav,4,1,rooster,True,164064,C
4-164206-A-10.wav,4,10,rain,True,164206,A
4-164859-A-1.wav,4,1,rooster,True,164859,A
4-166661-A-10.wav,4,10,rain,True,166661,A
4-167063-A-11.wav,4,11,sea_waves,True,167063,A
4-167063-B-11.wav,4,11,sea_waves,True,167063,B
4-167063-C-11.wav,4,11,sea_waves,True,167063,C
4-167077-A-20.wav,4,20,crying_baby,True,167077,A
4-167077-B-20.wav,4,20,crying_baby,True,167077,B
4-167077-C-20.wav,4,20,crying_baby,True,167077,C
4-167642-A-21.wav,4,21,sneezing,True,167642,A
4-170078-A-1.wav,4,1,rooster,True,170078,A
4-171519-A-21.wav,4,21,sneezing,True,171519,A
4-177250-A-10.wav,4,10,rain,True,177250,A
4-180380-A-10.wav,4,10,rain,True,180380,A
4-181286-A-10.wav,4,10,rain,True,181286,A
4-182395-A-0.wav,4,0,dog,True,182395,A
4-182613-A-11.wav,4,11,sea_waves,True,182613,A
4-182613-B-11.wav,4,11,sea_waves,True,182613,B
4-183487-A-1.wav,4,1,rooster,True,183487,A
4-183992-A-0.wav,4,0,dog,True,183992,A
4-184434-A-21.wav,4,21,sneezing,True,184434,A
4-184575-A-0.wav,4,0,dog,True,184575,A
4-185415-A-21.wav,4,21,sneezing,True,185415,A
4-185575-A-20.wav,4,20,crying_baby,True,185575,A
4-185575-B-20.wav,4,20,crying_baby,True,185575,B
4-185575-C-20.wav,4,20,crying_baby,True,185575,C
4-185619-A-21.wav,4,21,sneezing,True,185619,A
4-191687-A-0.wav,4,0,dog,True,191687,A
4-192236-A-0.wav,4,0,dog,True,192236,A
4-194754-A-0.wav,4,0,dog,True,194754,A
4-195497-A-11.wav,4,11,sea_waves,True,195497,A
4-195497-B-11.wav,4,11,sea_waves,True,195497,B
4-199261-A-0.wav,4,0,dog,True,199261,A
4-204618-A-11.wav,4,11,sea_waves,True,204618,A
4-207124-A-0.wav,4,0,dog,True,207124,A
4-208021-A-1.wav,4,1,rooster,True,208021,A
4-59579-A-20.wav,4,20,crying_baby,True,59579,A
4-59579-B-20.wav,4,20,crying_baby,True,59579,B
